{
  "version": 1,
  "author": "Satryo Pangestu",
  "editor": "wokwi",
  "parts": [
    { "type": "wokwi-arduino-uno", "id": "uno", "top": 0.6, "left": 47.4, "attrs": {} },
    { "type": "wokwi-led", "id": "led1", "top": -138, "left": 109.4, "attrs": { "color": "red" } },
    {
      "type": "wokwi-resistor",
      "id": "r1",
      "top": -82.45,
      "left": 67.2,
      "attrs": { "value": "100000" }
    },
    { "type": "wokwi-led", "id": "led2", "top": -138, "left": 224.6, "attrs": { "color": "red" } },
    { "type": "wokwi-led", "id": "led3", "top": -138, "left": 320.6, "attrs": { "color": "red" } },
    {
      "type": "wokwi-resistor",
      "id": "r2",
      "top": -82.45,
      "left": 182.4,
      "attrs": { "value": "100000" }
    },
    {
      "type": "wokwi-resistor",
      "id": "r3",
      "top": -82.45,
      "left": 278.4,
      "attrs": { "value": "100000" }
    },
    {
      "type": "wokwi-led",
      "id": "led4",
      "top": -138,
      "left": 416.6,
      "attrs": { "color": "yellow" }
    },
    {
      "type": "wokwi-led",
      "id": "led5",
      "top": -138,
      "left": 522.2,
      "attrs": { "color": "yellow" }
    },
    {
      "type": "wokwi-led",
      "id": "led6",
      "top": -138,
      "left": 618.2,
      "attrs": { "color": "yellow" }
    },
    {
      "type": "wokwi-resistor",
      "id": "r4",
      "top": -82.45,
      "left": 364.8,
      "attrs": { "value": "1000" }
    },
    {
      "type": "wokwi-resistor",
      "id": "r5",
      "top": -82.45,
      "left": 470.4,
      "attrs": { "value": "1000" }
    },
    {
      "type": "wokwi-resistor",
      "id": "r6",
      "top": -82.45,
      "left": 576,
      "attrs": { "value": "1000" }
    }
  ],
  "connections": [
    [ "led1:C", "r1:2", "black", [ "v0" ] ],
    [ "led2:C", "r2:2", "black", [ "v0" ] ],
    [ "led3:C", "r3:2", "black", [ "v0" ] ],
    [ "r1:1", "uno:GND.1", "black", [ "v38.4", "h96", "v19.2" ] ],
    [ "led1:A", "uno:2", "green", [ "v48", "h144" ] ],
    [ "led2:A", "uno:3", "green", [ "v67.2", "h19.2" ] ],
    [ "led3:A", "uno:4", "green", [ "v48", "h-105.6", "v28.8", "h28.8" ] ],
    [ "r2:1", "uno:GND.1", "black", [ "v0", "h-28.8" ] ],
    [ "r3:1", "uno:GND.1", "black", [ "v0", "h-19.2", "v9.6", "h-96" ] ],
    [ "led4:C", "r4:2", "black", [ "v0" ] ],
    [ "led5:C", "r5:2", "black", [ "v0" ] ],
    [ "led6:C", "r6:2", "black", [ "v0" ] ],
    [ "r6:1", "uno:GND.1", "black", [ "v9.6", "h-412.8" ] ],
    [ "r5:1", "uno:GND.1", "black", [ "v9.6", "h-307.2" ] ],
    [ "r4:1", "uno:GND.1", "black", [ "v0", "v9.6", "h-201.9" ] ],
    [ "led4:A", "uno:5", "green", [ "v86.4", "h-182.4" ] ],
    [ "led5:A", "uno:6", "green", [ "v86.4", "h-297.6" ] ],
    [ "uno:7", "led6:A", "green", [ "v-19.2", "h416.4" ] ]
  ],
  "dependencies": {}
}