{
  "version": 1,
  "author": "Satryo Pangestu",
  "editor": "wokwi",
  "parts": [
    { "type": "wokwi-arduino-uno", "id": "uno", "top": 10.2, "left": 133.8, "attrs": {} },
    {
      "type": "wokwi-led",
      "id": "led1",
      "top": -138,
      "left": 109.4,
      "attrs": { "color": "green" }
    },
    {
      "type": "wokwi-resistor",
      "id": "r1",
      "top": -82.45,
      "left": 67.2,
      "attrs": { "value": "1" }
    },
    { "type": "wokwi-led", "id": "led2", "top": -138, "left": 224.6, "attrs": { "color": "red" } },
    {
      "type": "wokwi-led",
      "id": "led3",
      "top": -138,
      "left": 320.6,
      "attrs": { "color": "magenta" }
    },
    {
      "type": "wokwi-resistor",
      "id": "r2",
      "top": -82.45,
      "left": 182.4,
      "attrs": { "value": "1" }
    },
    {
      "type": "wokwi-resistor",
      "id": "r3",
      "top": -82.45,
      "left": 278.4,
      "attrs": { "value": "1" }
    },
    {
      "type": "wokwi-led",
      "id": "led4",
      "top": -138,
      "left": 426.2,
      "attrs": { "color": "orange" }
    },
    {
      "type": "wokwi-resistor",
      "id": "r4",
      "top": -82.45,
      "left": 374.4,
      "attrs": { "value": "1" }
    },
    {
      "type": "wokwi-led",
      "id": "led5",
      "top": -138,
      "left": 522.2,
      "attrs": { "color": "blue" }
    },
    {
      "type": "wokwi-resistor",
      "id": "r5",
      "top": -82.45,
      "left": 470.4,
      "attrs": { "value": "1" }
    }
  ],
  "connections": [
    [ "led1:C", "r1:2", "black", [ "v0" ] ],
    [ "led2:C", "r2:2", "black", [ "v0" ] ],
    [ "led3:C", "r3:2", "black", [ "v0" ] ],
    [ "led4:C", "r4:2", "black", [ "v0" ] ],
    [ "led5:C", "r5:2", "black", [ "v0" ] ],
    [ "r5:1", "uno:GND.1", "black", [ "v38.4", "h-307.2" ] ],
    [ "r2:1", "uno:GND.1", "black", [ "v38.4", "h67.2" ] ],
    [ "r1:1", "uno:GND.1", "black", [ "v38.4", "h182.4" ] ],
    [ "r4:1", "uno:GND.1", "black", [ "v38.4", "h-124.8" ] ],
    [ "led3:A", "uno:4", "red", [ "v0", "h9.6" ] ],
    [ "led4:A", "uno:5", "red", [ "v76.8", "h-115.2" ] ],
    [ "led5:A", "uno:6", "red", [ "v86.4", "h-220.8" ] ],
    [ "r3:1", "uno:GND.1", "black", [ "v38.4", "h-28.8" ] ],
    [ "led2:A", "uno:3", "red", [ "v0", "h9.6", "v86.4", "h105.6" ] ],
    [ "led1:A", "uno:2", "red", [ "v86.4", "h240" ] ]
  ],
  "dependencies": {}
}